Domain,Emails
1voix6cordes.fr,benjaminguyot8@gmail.com; contact@1voix6cordes.fr; contact@baboomusic.fr; contact@passerelleprod.com; isabelle@diffusionprod.com; sdapresse@gmail.com
20minutes.fr,NO EMAIL FOUND
aappma-marignac31.fr,NO EMAIL FOUND
actes-sud.fr,NO EMAIL FOUND
acteurs-locaux.fr,NO EMAIL FOUND
actu.fr,NO EMAIL FOUND
afm-telethon.fr,NO EMAIL FOUND
agence-diana-ivanova.fr,ivadiana@gmail.com
assurance-prevention.fr,vous@domaine.com
atlantico.fr,NO EMAIL FOUND
blogs.mediapart.fr,dpo@opper.io
bouquineriebagneres.fr,bouquinerie.bagneres@gmail.com
bpifrance.fr,NO EMAIL FOUND
capeb.fr,capeb@capeb.fr
castres-mazamet.fr,NO EMAIL FOUND
centrepresseaveyron.fr,NO EMAIL FOUND
ch-cm.fr,NO EMAIL FOUND
chasse-nature-occitanie.fr,NO EMAIL FOUND
chateaudaguts.fr,NO EMAIL FOUND
circulanim.fr,circulanim@gmail.com
cnes.fr,NO EMAIL FOUND
cnil.fr,NO EMAIL FOUND
competitions.ffr.fr,NO EMAIL FOUND
conseil-national.medecin.fr,contact@linkbynet.com
consultation.legales-online.fr,midi.legales@groupeladepeche.fr
coopdeso.fr,contact@coopdeso.fr
courselandaise.fr,contact@ffcl.fr
democratie-active.fr,NO EMAIL FOUND
diplomatie.gouv.fr,NO EMAIL FOUND
echosciences-occitanie.fr,NO EMAIL FOUND
echosciences-sud.fr,NO EMAIL FOUND
editionsartege.fr,NO EMAIL FOUND
emane.fr,NO EMAIL FOUND
epoc.u-bordeaux.fr,NO EMAIL FOUND
estrepublicain.fr,dpo@ebra.fr; lerabonnement@estrepublicain.fr
europe1.fr,NO EMAIL FOUND
evelyne.fr,NO EMAIL FOUND
fetedelascience.fr,NO EMAIL FOUND
fft.fr,accueil@fft.fr; aidecms@fft.fr; arbitrage@fft.fr; beachtennis@fft.fr; cilfft@fft.fr; clubfederal@fft.fr; competitiontennis@fft.fr; equipement@fft.fr; multimedia@fft.fr; padel@fft.fr; paratennis@fft.fr; pickleball@fft.fr; proshop@fft.fr; ramasseursdeballes@fft.fr; support-fft@fft.fr
france3-regions.franceinfo.fr,NO EMAIL FOUND
francebleu.fr,NO EMAIL FOUND
franceinfo.fr,NO EMAIL FOUND
geo.fr,NO EMAIL FOUND
hotel-castel-dolmes.fr,hcasteldolmes@gmail.com
idalgo.fr,contact@idalgo.fr; hello@idalgo.fr; mail@exemple.com
imm.fr,NO EMAIL FOUND
indignonsnous.fr,NO EMAIL FOUND
infinity.inserm.fr,default@osm.org; gaetan.ligat@inserm.fr; loic.dupre@inserm.fr; secretariat.cptp@inserm.fr; secretariat.infinity@inserm.fr
inspirebycaroline.fr,NO EMAIL FOUND
instantscience.fr,alexandre.detaxis@instantscience.fr; anais.moressa@instantscience.fr; annabelle.arena@instantscience.fr; audrey.bardon@instantscience.fr; celia.blancou@instantscience.fr; clothilde.dando@instantscience.fr; contact@instantscience.fr; damien.guiard@instantscience.fr; delphine.datas@instantscience.fr; diffusion@instantscience.fr; emilie.fantini@instantscience.fr; emilien.bernard@instantscience.fr; florian.philipot@instantscience.fr; geoffroy.layec@instantscience.fr; joachim.polosse@instantscience.fr; johan.langot@instantscience.fr; jordan.poignet@instantscience.fr; julie.lesauvage@instantscience.fr; laure.salas@instantscience.fr; lucas.leglaye@instantscience.fr; marine.chaumelle@instantscience.fr; mickael.wilmart@instantscience.fr; nelly.pons@instantscience.fr; patrick.lecureuil@instantscience.fr; quentin.lemarechal@instantscience.fr; souhila.djemad@instantscience.fr; sylvie.cousinie@ac-toulouse.fr; thierry.duhagon@instantscience.fr; valentin.urvois@instantscience.fr
journaldemillau.fr,NO EMAIL FOUND
label-technolab.fr,contact.cyrillepoquet@gmail.com; info@label-technolab.fr; support@webador.fr
ladepeche-marchespublics.fr,NO EMAIL FOUND
lagaletterie.fr,contact.lagaletterie@gmail.com; support@webador.fr
lagencedecomm.fr,NO EMAIL FOUND
lanuitdudroit.fr,lndd@leclubdesjuristes.com
larepubliquedespyrenees.fr,uri@repy.fr
lavoixdunord.fr,NO EMAIL FOUND
lecarredelange.fr,reservation@lecarredelange.com
lecolibrisrecyclerie.fr,contact@lecolibrisrecyclerie.fr
lefigaro.fr,NO EMAIL FOUND
legales-online.fr,NO EMAIL FOUND
legifrance.gouv.fr,NO EMAIL FOUND
lemonde.fr,dpo@groupelemonde.fr
leparisien.fr,asdamecour@leparisien.fr; bdaragon@leparisien.fr; blallement@leparisien.fr; bmetayer@leparisien.fr; bquarez@leparisien.fr; cbrigaudeau@leparisien.fr; cecile.pinault@icm-institute.org; cmateus@leparisien.fr; contact@theatredesmathurins.com; dcourtine@leparisien.fr; ecollet@leparisien.fr; etorgemen@leparisien.fr; etudiant@leparisien.fr; fetedelascience@icm-institute.org; fgagnepain@leparisien.fr; floisy@leparisien.fr; gplouviez@leparisien.fr; jbontinck@leparisien.fr; jcloris@leparisien.fr; laguesse@leparisien.fr; ldescamps@leparisien.fr; leforumdelamusique@gmail.com; mcampistron@leparisien.fr; mpoussel@leparisien.fr; njacquard@leparisien.fr; pabran@leparisien.fr; prougerie@leparisien.fr; requests@xpbimages.com; rfolgoas@leparisien.fr; slefevre@leparisien.fr; snieto@leparisien.fr; svincendon@leparisien.fr; vmongaillard@leparisien.fr
lepoint.fr,NO EMAIL FOUND
leprogres.fr,dpo@ebra.fr; lprventesweb@leprogres.fr; relationabonnes@leprogres.fr
lequipe.fr,NO EMAIL FOUND
lesessentiels-france.fr,NO EMAIL FOUND
lesgasconnades.fr,bertrand.gautier@gmail.com; pascalmazzonetto@gmail.com
liberation.fr,b.delille@liberation.fr; c.delouche@liberation.fr; d.dole-chabourine@liberation.fr; l.leger@liberation.fr; r.laireche@liberation.fr
lindependant.fr,NO EMAIL FOUND
lio-trafic-occitanie.fr,NO EMAIL FOUND
lobservateur.fr,abonnements@lobservateurdelavesnois.fr; accueil@lobservateur.fr; annonces.legales@reseauvivrici.fr; christelle.rive@propublic.fr; elisabeth.manet@propublic.fr
lostal39.fr,residence.lostal39@gmail.com; support@webador.fr
lunion.fr,NO EMAIL FOUND
lyonne.fr,NO EMAIL FOUND
mairie-foix.fr,NO EMAIL FOUND
mediapart.fr,dpo@opper.io
melrosetechno.fr,contact.cyrillepoquet@gmail.com; info@technolab.fr; makecontact.melrose@gmail.com; nfo@technolab.fr; support@webador.fr
meteociel.fr,webmaster@meteociel.com
midi-olympique.fr,NO EMAIL FOUND
midilibre.fr,NO EMAIL FOUND
mjclabruguiere.fr,secretariat-mjclabruguiere@orange.fr
msf.fr,NO EMAIL FOUND
nrpyrenees.fr,NO EMAIL FOUND
observatoire-cote-aquitaine.fr,NO EMAIL FOUND
occitanie-emploi.fr,NO EMAIL FOUND
occitanie.fff.fr,NO EMAIL FOUND
off-investigation.fr,NO EMAIL FOUND
oktoberfest-toulouse.fr,contact@oktoberfest-toulouse.fr
ouest-france.fr,NO EMAIL FOUND
parc-pyrenees-ariegeoises.fr,info@parc-pyrenees-ariegeoises.fr
petitbleu.fr,NO EMAIL FOUND
pizzerias.pizzacosy.fr,serviceclient@pizzacosy.fr
plageauxpterosaures.fr,contact@plageauxpterosaures.fr
plvg.fr,NO EMAIL FOUND
portail-pki.certeurope.fr,NO EMAIL FOUND
portetgaronne.fr,NO EMAIL FOUND
rabaischocs.fr,NO EMAIL FOUND
rencontres-occitanie.fr,contact@rencontres-occitanie.fr
rfi.fr,NO EMAIL FOUND
rieucros-rugby-feminin.ffr.fr,NO EMAIL FOUND
rtl.fr,NO EMAIL FOUND
rugbyrama.fr,NO EMAIL FOUND
rugbystjeanxv.ffr.fr,NO EMAIL FOUND
rza.pmu.fr,NO EMAIL FOUND
salon.synergie.fr,NO EMAIL FOUND
santepubliquefrance.fr,NO EMAIL FOUND
saveurssauvages.fr,NO EMAIL FOUND
sdis47.fr,NO EMAIL FOUND
securite-civile.interieur.gouv.fr,NO EMAIL FOUND
sidel32.fr,contact@sidel32.fr
smash-pickleball.fr,hello@smash-pickleball.fr
smdea09.fr,NO EMAIL FOUND
sportune.20minutes.fr,NO EMAIL FOUND
sudouest.fr,uri@gso.com
terre-tissee.fr,NO EMAIL FOUND
tf1info.fr,NO EMAIL FOUND
theatredelaposte-foix.fr,NO EMAIL FOUND
tisseo.fr,NO EMAIL FOUND
toulouscope.fr,contact@toulouscope.fr
toulouserunexperience.fr,contact@reimschampagnerun.fr; contact@toulouserunexperience.fr
trail-de-montgailhard.sitew.fr,NO EMAIL FOUND
transfermarkt.fr,NO EMAIL FOUND
umap.openstreetmap.fr,contact@umap-project.org
un-sacre-defi.fr,NO EMAIL FOUND
uscb117.ffr.fr,NO EMAIL FOUND
veolia.fr,NO EMAIL FOUND
vie-publique.fr,NO EMAIL FOUND
vigieau.gouv.fr,contact.vigieau@beta.gouv.fr
