domain,email
1voix6cordes.fr,0c52cb89aa4d4154857a1584b6701db6@sentry.wixpress.com
1voix6cordes.fr,18d2f96d279149989b95faf0a4b41882@sentry-next.wixpress.com
1voix6cordes.fr,1d7d0a2217a04496808b11f7603693e5@sentry-next.wixpress.com
1voix6cordes.fr,5d1795a2db124a268f1e1bd88f503500@sentry.wixpress.com
1voix6cordes.fr,605a7baede844d278b89dc95ae0a9123@sentry-next.wixpress.com
1voix6cordes.fr,6117f2172a744ef3913942830d472a2c@sentry.wixpress.com
1voix6cordes.fr,78f7996315bc402f9dcb8a2f974b82d1@sentry.wixpress.com
1voix6cordes.fr,88170cb0c9d64f94b5821ca7fd2d55a4@sentry-next.wixpress.com
1voix6cordes.fr,8c4075d5481d476e945486754f783364@sentry.io
1voix6cordes.fr,8eb368c655b84e029ed79ad7a5c1718e@sentry.wixpress.com
1voix6cordes.fr,9a65e97ebe8141fca0c4fd686f70996b@sentry.wixpress.com
1voix6cordes.fr,benjaminguyot8@gmail.com
1voix6cordes.fr,c5095236fd2e4b8fae9ed6d73cdd81a3@sentry.wixpress.com
1voix6cordes.fr,contact@1voix6cordes.fr
1voix6cordes.fr,contact@baboomusic.fr
1voix6cordes.fr,contact@passerelleprod.com
1voix6cordes.fr,e0b4d631da7b4200828051f7f9c783e3@sentry-next.wixpress.com
1voix6cordes.fr,isabelle@diffusionprod.com
1voix6cordes.fr,sdapresse@gmail.com
20minutes.fr,NO EMAIL FOUND
aappma-marignac31.fr,NO EMAIL FOUND
actes-sud.fr,NO EMAIL FOUND
acteurs-locaux.fr,NO EMAIL FOUND
actu.fr,NO EMAIL FOUND
afm-telethon.fr,NO EMAIL FOUND
agence-diana-ivanova.fr,ivadiana@gmail.com
assurance-prevention.fr,vous@domaine.com
atlantico.fr,NO EMAIL FOUND
blogs.mediapart.fr,dpo@opper.io
bouquineriebagneres.fr,bouquinerie.bagneres@gmail.com
bpifrance.fr,NO EMAIL FOUND
capeb.fr,capeb@capeb.fr
castres-mazamet.fr,NO EMAIL FOUND
centrepresseaveyron.fr,NO EMAIL FOUND
ch-cm.fr,NO EMAIL FOUND
chasse-nature-occitanie.fr,NO EMAIL FOUND
chateaudaguts.fr,NO EMAIL FOUND
circulanim.fr,046c982186afa15dc9513490293d26b1@o37417.ingest.sentry.io
circulanim.fr,1d7d0a2217a04496808b11f7603693e5@sentry-next.wixpress.com
circulanim.fr,605a7baede844d278b89dc95ae0a9123@sentry-next.wixpress.com
circulanim.fr,78f7996315bc402f9dcb8a2f974b82d1@sentry.wixpress.com
circulanim.fr,88170cb0c9d64f94b5821ca7fd2d55a4@sentry-next.wixpress.com
circulanim.fr,8c4075d5481d476e945486754f783364@sentry.io
circulanim.fr,8eb368c655b84e029ed79ad7a5c1718e@sentry.wixpress.com
circulanim.fr,9a65e97ebe8141fca0c4fd686f70996b@sentry.wixpress.com
circulanim.fr,bfb679c754744c58a7374ee6e25cfc13@sentry.wixpress.com
circulanim.fr,circulanim@gmail.com
cnes.fr,luke.skywalker@email.com
cnes.fr,nom@exemple.org
cnil.fr,NO EMAIL FOUND
competitions.ffr.fr,NO EMAIL FOUND
conseil-national.medecin.fr,contact@linkbynet.com
consultation.legales-online.fr,midi.legales@groupeladepeche.fr
coopdeso.fr,contact@coopdeso.fr
courselandaise.fr,contact@ffcl.fr
democratie-active.fr,NO EMAIL FOUND
diplomatie.gouv.fr,NO EMAIL FOUND
echosciences-occitanie.fr,NO EMAIL FOUND
echosciences-sud.fr,NO EMAIL FOUND
editionsartege.fr,NO EMAIL FOUND
emane.fr,NO EMAIL FOUND
epoc.u-bordeaux.fr,NO EMAIL FOUND
estrepublicain.fr,dpo@ebra.fr
estrepublicain.fr,lerabonnement@estrepublicain.fr
europe1.fr,NO EMAIL FOUND
evelyne.fr,NO EMAIL FOUND
fetedelascience.fr,NO EMAIL FOUND
fft.fr,accueil@fft.fr
fft.fr,aidecms@fft.fr
fft.fr,arbitrage@fft.fr
fft.fr,beachtennis@fft.fr
fft.fr,cilfft@fft.fr
fft.fr,clubfederal@fft.fr
fft.fr,competitiontennis@fft.fr
fft.fr,equipement@fft.fr
fft.fr,multimedia@fft.fr
fft.fr,padel@fft.fr
fft.fr,paratennis@fft.fr
fft.fr,pickleball@fft.fr
fft.fr,proshop@fft.fr
fft.fr,ramasseursdeballes@fft.fr
fft.fr,support-fft@fft.fr
france3-regions.franceinfo.fr,NO EMAIL FOUND
francebleu.fr,NO EMAIL FOUND
franceinfo.fr,xxxx@xxx.xx
geo.fr,NO EMAIL FOUND
hotel-castel-dolmes.fr,hcasteldolmes@gmail.com
idalgo.fr,contact@idalgo.fr
idalgo.fr,hello@idalgo.fr
idalgo.fr,mail@exemple.com
imm.fr,NO EMAIL FOUND
indignonsnous.fr,NO EMAIL FOUND
infinity.inserm.fr,default@osm.org
infinity.inserm.fr,gaetan.ligat@inserm.fr
infinity.inserm.fr,loic.dupre@inserm.fr
infinity.inserm.fr,secretariat.cptp@inserm.fr
infinity.inserm.fr,secretariat.infinity@inserm.fr
inspirebycaroline.fr,18d2f96d279149989b95faf0a4b41882@sentry-next.wixpress.com
inspirebycaroline.fr,1eeb89147c984dc6bc3ffafd9e6cd089@sentry.wixpress.com
inspirebycaroline.fr,2062d0a4929b45348643784b5cb39c36@sentry.wixpress.com
inspirebycaroline.fr,5d1795a2db124a268f1e1bd88f503500@sentry.wixpress.com
inspirebycaroline.fr,605a7baede844d278b89dc95ae0a9123@sentry-next.wixpress.com
inspirebycaroline.fr,88170cb0c9d64f94b5821ca7fd2d55a4@sentry-next.wixpress.com
inspirebycaroline.fr,8c4075d5481d476e945486754f783364@sentry.io
inspirebycaroline.fr,8eb368c655b84e029ed79ad7a5c1718e@sentry.wixpress.com
inspirebycaroline.fr,9a65e97ebe8141fca0c4fd686f70996b@sentry.wixpress.com
inspirebycaroline.fr,bfb679c754744c58a7374ee6e25cfc13@sentry.wixpress.com
inspirebycaroline.fr,c183baa23371454f99f417f6616b724d@sentry.wixpress.com
inspirebycaroline.fr,dd0a55ccb8124b9c9d938e3acf41f8aa@sentry.wixpress.com
instantscience.fr,alexandre.detaxis@instantscience.fr
instantscience.fr,anais.moressa@instantscience.fr
instantscience.fr,annabelle.arena@instantscience.fr
instantscience.fr,audrey.bardon@instantscience.fr
instantscience.fr,celia.blancou@instantscience.fr
instantscience.fr,clothilde.dando@instantscience.fr
instantscience.fr,contact@instantscience.fr
instantscience.fr,damien.guiard@instantscience.fr
instantscience.fr,delphine.datas@instantscience.fr
instantscience.fr,diffusion@instantscience.fr
instantscience.fr,emilie.fantini@instantscience.fr
instantscience.fr,emilien.bernard@instantscience.fr
instantscience.fr,florian.philipot@instantscience.fr
instantscience.fr,geoffroy.layec@instantscience.fr
instantscience.fr,joachim.polosse@instantscience.fr
instantscience.fr,johan.langot@instantscience.fr
instantscience.fr,jordan.poignet@instantscience.fr
instantscience.fr,julie.lesauvage@instantscience.fr
instantscience.fr,laure.salas@instantscience.fr
instantscience.fr,lucas.leglaye@instantscience.fr
instantscience.fr,marine.chaumelle@instantscience.fr
instantscience.fr,mickael.wilmart@instantscience.fr
instantscience.fr,nelly.pons@instantscience.fr
instantscience.fr,patrick.lecureuil@instantscience.fr
instantscience.fr,quentin.lemarechal@instantscience.fr
instantscience.fr,souhila.djemad@instantscience.fr
instantscience.fr,sylvie.cousinie@ac-toulouse.fr
instantscience.fr,thierry.duhagon@instantscience.fr
instantscience.fr,valentin.urvois@instantscience.fr
journaldemillau.fr,NO EMAIL FOUND
label-technolab.fr,contact.cyrillepoquet@gmail.com
label-technolab.fr,info@label-technolab.fr
label-technolab.fr,support@webador.fr
ladepeche-marchespublics.fr,NO EMAIL FOUND
lagaletterie.fr,contact.lagaletterie@gmail.com
lagaletterie.fr,support@webador.fr
lagencedecomm.fr,NO EMAIL FOUND
lanuitdudroit.fr,lndd@leclubdesjuristes.com
larepubliquedespyrenees.fr,uri@repy.fr
lavoixdunord.fr,NO EMAIL FOUND
lecarredelange.fr,reservation@lecarredelange.com
lecolibrisrecyclerie.fr,contact@lecolibrisrecyclerie.fr
lefigaro.fr,NO EMAIL FOUND
legales-online.fr,NO EMAIL FOUND
legifrance.gouv.fr,NO EMAIL FOUND
lemonde.fr,dpo@groupelemonde.fr
lemonde.fr,johndoe@domain.com
leparisien.fr,asdamecour@leparisien.fr
leparisien.fr,bdaragon@leparisien.fr
leparisien.fr,blallement@leparisien.fr
leparisien.fr,bmetayer@leparisien.fr
leparisien.fr,bquarez@leparisien.fr
leparisien.fr,cbrigaudeau@leparisien.fr
leparisien.fr,cecile.pinault@icm-institute.org
leparisien.fr,cmateus@leparisien.fr
leparisien.fr,contact@theatredesmathurins.com
leparisien.fr,dcourtine@leparisien.fr
leparisien.fr,ecollet@leparisien.fr
leparisien.fr,etorgemen@leparisien.fr
leparisien.fr,etudiant@leparisien.fr
leparisien.fr,fetedelascience@icm-institute.org
leparisien.fr,fgagnepain@leparisien.fr
leparisien.fr,floisy@leparisien.fr
leparisien.fr,gplouviez@leparisien.fr
leparisien.fr,jbontinck@leparisien.fr
leparisien.fr,jcloris@leparisien.fr
leparisien.fr,laguesse@leparisien.fr
leparisien.fr,ldescamps@leparisien.fr
leparisien.fr,leforumdelamusique@gmail.com
leparisien.fr,mcampistron@leparisien.fr
leparisien.fr,mpoussel@leparisien.fr
leparisien.fr,njacquard@leparisien.fr
leparisien.fr,pabran@leparisien.fr
leparisien.fr,prougerie@leparisien.fr
leparisien.fr,requests@xpbimages.com
leparisien.fr,rfolgoas@leparisien.fr
leparisien.fr,slefevre@leparisien.fr
leparisien.fr,snieto@leparisien.fr
leparisien.fr,svincendon@leparisien.fr
leparisien.fr,vmongaillard@leparisien.fr
lepoint.fr,NO EMAIL FOUND
leprogres.fr,dpo@ebra.fr
leprogres.fr,lprventesweb@leprogres.fr
leprogres.fr,relationabonnes@leprogres.fr
lequipe.fr,NO EMAIL FOUND
lesessentiels-france.fr,NO EMAIL FOUND
lesgasconnades.fr,bertrand.gautier@gmail.com
lesgasconnades.fr,pascalmazzonetto@gmail.com
liberation.fr,b.delille@liberation.fr
liberation.fr,c.delouche@liberation.fr
liberation.fr,d.dole-chabourine@liberation.fr
liberation.fr,l.leger@liberation.fr
liberation.fr,r.laireche@liberation.fr
lindependant.fr,NO EMAIL FOUND
lio-trafic-occitanie.fr,NO EMAIL FOUND
lobservateur.fr,abonnements@lobservateurdelavesnois.fr
lobservateur.fr,accueil@lobservateur.fr
lobservateur.fr,annonces.legales@reseauvivrici.fr
lobservateur.fr,christelle.rive@propublic.fr
lobservateur.fr,elisabeth.manet@propublic.fr
lostal39.fr,residence.lostal39@gmail.com
lostal39.fr,support@webador.fr
lunion.fr,NO EMAIL FOUND
lyonne.fr,NO EMAIL FOUND
mairie-foix.fr,NO EMAIL FOUND
mediapart.fr,dpo@opper.io
melrosetechno.fr,contact.cyrillepoquet@gmail.com
melrosetechno.fr,info@technolab.fr
melrosetechno.fr,makecontact.melrose@gmail.com
melrosetechno.fr,nfo@technolab.fr
melrosetechno.fr,support@webador.fr
meteociel.fr,webmaster@meteociel.com
midi-olympique.fr,NO EMAIL FOUND
midilibre.fr,NO EMAIL FOUND
mjclabruguiere.fr,secretariat-mjclabruguiere@orange.fr
msf.fr,NO EMAIL FOUND
nrpyrenees.fr,NO EMAIL FOUND
observatoire-cote-aquitaine.fr,NO EMAIL FOUND
occitanie-emploi.fr,NO EMAIL FOUND
occitanie.fff.fr,NO EMAIL FOUND
off-investigation.fr,NO EMAIL FOUND
oktoberfest-toulouse.fr,contact@oktoberfest-toulouse.fr
ouest-france.fr,NO EMAIL FOUND
parc-pyrenees-ariegeoises.fr,info@parc-pyrenees-ariegeoises.fr
petitbleu.fr,NO EMAIL FOUND
pizzerias.pizzacosy.fr,serviceclient@pizzacosy.fr
plageauxpterosaures.fr,contact@plageauxpterosaures.fr
plvg.fr,NO EMAIL FOUND
portail-pki.certeurope.fr,NO EMAIL FOUND
portetgaronne.fr,NO EMAIL FOUND
rabaischocs.fr,NO EMAIL FOUND
rencontres-occitanie.fr,contact@rencontres-occitanie.fr
rfi.fr,NO EMAIL FOUND
rieucros-rugby-feminin.ffr.fr,NO EMAIL FOUND
rtl.fr,NO EMAIL FOUND
rugbyrama.fr,NO EMAIL FOUND
rugbystjeanxv.ffr.fr,NO EMAIL FOUND
rza.pmu.fr,NO EMAIL FOUND
salon.synergie.fr,NO EMAIL FOUND
santepubliquefrance.fr,prenom.nom@nomdedomaine.fr
saveurssauvages.fr,NO EMAIL FOUND
sdis47.fr,NO EMAIL FOUND
securite-civile.interieur.gouv.fr,NO EMAIL FOUND
sidel32.fr,contact@sidel32.fr
smash-pickleball.fr,hello@smash-pickleball.fr
smdea09.fr,NO EMAIL FOUND
sportune.20minutes.fr,NO EMAIL FOUND
sudouest.fr,uri@gso.com
terre-tissee.fr,NO EMAIL FOUND
tf1info.fr,6-amour-comment-savoir-si-je-suis-dans-une-relation-toxique-36a528-0@1x.avif
tf1info.fr,6-amour-comment-savoir-si-je-suis-dans-une-relation-toxique-651724-0@1x.avif
tf1info.fr,6-amour-comment-savoir-si-je-suis-dans-une-relation-toxique-d08097-0@1x.avif
tf1info.fr,a-marseille-l-enfer-des-habitants-victimes-de-mortiers-d-artifice-0205a3-0@1x.avif
tf1info.fr,a-marseille-l-enfer-des-habitants-victimes-de-mortiers-d-artifice-505e29-0@1x.avif
tf1info.fr,a-marseille-l-enfer-des-habitants-victimes-de-mortiers-d-artifice-db7d98-0@1x.avif
tf1info.fr,aliments-frais-6fb0a6-0@1x.avif
tf1info.fr,aliments-frais-ac3a7f-0@1x.avif
tf1info.fr,aliments-frais-fc6c11-0@1x.avif
tf1info.fr,antarctique-fonte-de-la-banquise-79e59e-0@1x.avif
tf1info.fr,antarctique-fonte-de-la-banquise-9700d3-0@1x.avif
tf1info.fr,antarctique-fonte-de-la-banquise-e59294-0@1x.avif
tf1info.fr,anti-gaspi-auchan-556422-0@1x.avif
tf1info.fr,anti-gaspi-auchan-a34496-0@1x.avif
tf1info.fr,anti-gaspi-auchan-e818b7-0@1x.avif
tf1info.fr,antoni-lallican-journaliste-mort-ukraine-octobre-2025-4fdaf5-0@1x.avif
tf1info.fr,antoni-lallican-journaliste-mort-ukraine-octobre-2025-683e8a-0@1x.avif
tf1info.fr,antoni-lallican-journaliste-mort-ukraine-octobre-2025-7c1faa-0@1x.avif
tf1info.fr,antoni-lallican-journaliste-mort-ukraine-octobre-2025-8350c8-0@1x.avif
tf1info.fr,antoni-lallican-journaliste-mort-ukraine-octobre-2025-9be92e-0@1x.avif
tf1info.fr,antoni-lallican-journaliste-mort-ukraine-octobre-2025-a1ef51-0@1x.avif
tf1info.fr,applications-ia-4a45eb-1@1x.avif
tf1info.fr,applications-ia-4a6799-1@1x.avif
tf1info.fr,applications-ia-b33c63-1@1x.avif
tf1info.fr,argent-aides-immobilier-prestations-a5722c-0@1x.avif
tf1info.fr,argent-aides-immobilier-prestations-f0a13f-0@1x.avif
tf1info.fr,argent-aides-immobilier-prestations-f4e377-0@1x.avif
tf1info.fr,arnaque-aux-faux-rib-comment-se-proteger-le-13h-a-vos-cotes-1-7f75f8-0@1x.avif
tf1info.fr,arnaque-aux-faux-rib-comment-se-proteger-le-13h-a-vos-cotes-1-904c1c-0@1x.avif
tf1info.fr,arnaque-aux-faux-rib-comment-se-proteger-le-13h-a-vos-cotes-1-bb70ca-0@1x.avif
tf1info.fr,artisan-fleuriste-023a66-0@1x.avif
tf1info.fr,artisan-fleuriste-1474ac-0@1x.avif
tf1info.fr,artisan-fleuriste-3f3f3c-0@1x.avif
tf1info.fr,artisan-fleuriste-669c6c-0@1x.avif
tf1info.fr,artisan-fleuriste-999042-0@1x.avif
tf1info.fr,artisan-fleuriste-b10cfc-0@1x.avif
tf1info.fr,artisanat-charpentier-071cca-0@1x.avif
tf1info.fr,artisanat-charpentier-1c888a-0@1x.avif
tf1info.fr,artisanat-charpentier-7b3ffd-0@1x.avif
tf1info.fr,artisanat-charpentier-7cb6ae-0@1x.avif
tf1info.fr,artisanat-charpentier-de9f04-0@1x.avif
tf1info.fr,artisanat-charpentier-fe93f6-0@1x.avif
tf1info.fr,astuce-geek-comment-enrichir-vos-messages-whatsapp-20190926-1648-0ac2df-1@1x.avif
tf1info.fr,astuce-geek-comment-enrichir-vos-messages-whatsapp-20190926-1648-263308-1@1x.avif
tf1info.fr,astuce-geek-comment-enrichir-vos-messages-whatsapp-20190926-1648-654a68-1@1x.avif
tf1info.fr,astuce-geek-comment-enrichir-vos-messages-whatsapp-20190926-1648-7059bf-1@1x.avif
tf1info.fr,astuce-geek-comment-enrichir-vos-messages-whatsapp-20190926-1648-bb90ae-1@1x.avif
tf1info.fr,astuce-geek-comment-enrichir-vos-messages-whatsapp-20190926-1648-dd6b49-1@1x.avif
tf1info.fr,astuce-tiktok-canape-2599be-0@1x.avif
tf1info.fr,astuce-tiktok-canape-550c21-0@1x.avif
tf1info.fr,astuce-tiktok-canape-b087a1-0@1x.avif
tf1info.fr,astuce-tiktok-canape-cd5832-0@1x.avif
tf1info.fr,astuce-tiktok-canape-cfbd59-0@1x.avif
tf1info.fr,astuce-tiktok-canape-d8808b-0@1x.avif
tf1info.fr,avions-piste-0d1ee7-2@1x.avif
tf1info.fr,avions-piste-23f037-2@1x.avif
tf1info.fr,avions-piste-483dc9-2@1x.avif
tf1info.fr,avions-piste-6a86b9-2@1x.avif
tf1info.fr,avions-piste-b5309a-2@1x.avif
tf1info.fr,avions-piste-d5f3d2-2@1x.avif
tf1info.fr,baignade-maillot-de-bain-0ab4bc-0@1x.avif
tf1info.fr,baignade-maillot-de-bain-1873c0-0@1x.avif
tf1info.fr,baignade-maillot-de-bain-293796-0@1x.avif
tf1info.fr,baignade-maillot-de-bain-541009-0@1x.avif
tf1info.fr,baignade-maillot-de-bain-78609f-0@1x.avif
tf1info.fr,baignade-maillot-de-bain-90b65a-0@1x.avif
tf1info.fr,batterie-telephone-3b5e6f-0@1x.avif
tf1info.fr,batterie-telephone-6badd3-0@1x.avif
tf1info.fr,batterie-telephone-7dee9a-0@1x.avif
tf1info.fr,batterie-telephone-ba136c-0@1x.avif
tf1info.fr,batterie-telephone-bbca20-0@1x.avif
tf1info.fr,batterie-telephone-df20a4-0@1x.avif
tf1info.fr,benyamin-netanyahou-maison-blanche-29-septembre-2025-135dcf-0@1x.avif
tf1info.fr,benyamin-netanyahou-maison-blanche-29-septembre-2025-7f4f6f-0@1x.avif
tf1info.fr,benyamin-netanyahou-maison-blanche-29-septembre-2025-a0f5e1-0@1x.avif
tf1info.fr,bien-choisir-sa-poele-71ef1a-0@1x.avif
tf1info.fr,bien-choisir-sa-poele-8290ac-0@1x.avif
tf1info.fr,bien-choisir-sa-poele-917b4d-0@1x.avif
tf1info.fr,bien-choisir-sa-poele-b32b97-0@1x.avif
tf1info.fr,bien-choisir-sa-poele-bb40f1-0@1x.avif
tf1info.fr,bien-choisir-sa-poele-c6537b-0@1x.avif
tf1info.fr,bien-etre-animal-salon-chien-jouet-04-10-2025-785a09-0@1x.avif
tf1info.fr,bien-etre-animal-salon-chien-jouet-04-10-2025-7b1968-0@1x.avif
tf1info.fr,bien-etre-animal-salon-chien-jouet-04-10-2025-88d0c9-0@1x.avif
tf1info.fr,bienvenue-chez-moi-le-portugal-en-toute-intimite-2d006b-0@1x.avif
tf1info.fr,bienvenue-chez-moi-le-portugal-en-toute-intimite-619fac-0@1x.avif
tf1info.fr,bienvenue-chez-moi-le-portugal-en-toute-intimite-803204-0@1x.avif
tf1info.fr,blanchiment-dents-1-1e1392-0@1x.avif
tf1info.fr,blanchiment-dents-1-2dc32e-0@1x.avif
tf1info.fr,blanchiment-dents-1-52f1b2-0@1x.avif
tf1info.fr,blanchiment-dents-1-552e32-0@1x.avif
tf1info.fr,blanchiment-dents-1-834ddd-0@1x.avif
tf1info.fr,blanchiment-dents-1-c96ede-0@1x.avif
tf1info.fr,bonus-reparation-cordonnier-1-2162d7-0@1x.avif
tf1info.fr,bonus-reparation-cordonnier-1-927189-0@1x.avif
tf1info.fr,bonus-reparation-cordonnier-1-f5a5d1-0@1x.avif
tf1info.fr,bouchons-attaches-les-associations-s-alarment-4e4101-0@1x.avif
tf1info.fr,bouchons-attaches-les-associations-s-alarment-69439a-0@1x.avif
tf1info.fr,bouchons-attaches-les-associations-s-alarment-972e62-0@1x.avif
tf1info.fr,bruit-voisin-1-7ecc2e-1@1x.avif
tf1info.fr,bruit-voisin-1-a16646-1@1x.avif
tf1info.fr,bruit-voisin-1-b3d3ea-1@1x.avif
tf1info.fr,c-est-quoi-cette-tendance-des-venmomom-4ff53d-0@1x.avif
tf1info.fr,c-est-quoi-cette-tendance-des-venmomom-5c977f-0@1x.avif
tf1info.fr,c-est-quoi-cette-tendance-des-venmomom-9b5343-0@1x.avif
tf1info.fr,c-etait-mieux-demain-15d32b-1@1x.avif
tf1info.fr,c-etait-mieux-demain-56e00d-1@1x.avif
tf1info.fr,c-etait-mieux-demain-6fa783-1@1x.avif
tf1info.fr,ca-me-choque-l-emotion-a-guerande-apres-la-mort-d-un-homme-percute-par-un-motocross-fuyant-un-controle-de-police-0b3b1d-0@1x.avif
tf1info.fr,ca-me-choque-l-emotion-a-guerande-apres-la-mort-d-un-homme-percute-par-un-motocross-fuyant-un-controle-de-police-3e51f2-0@1x.avif
tf1info.fr,ca-me-choque-l-emotion-a-guerande-apres-la-mort-d-un-homme-percute-par-un-motocross-fuyant-un-controle-de-police-a71c92-0@1x.avif
tf1info.fr,cancer-du-sein-l-importance-de-la-prevention-1fb150-0@1x.avif
tf1info.fr,cancer-du-sein-l-importance-de-la-prevention-6af40a-0@1x.avif
tf1info.fr,cancer-du-sein-l-importance-de-la-prevention-aff149-0@1x.avif
tf1info.fr,cantat-doc-tf1-28af03-0@1x.avif
tf1info.fr,cantat-doc-tf1-cae593-0@1x.avif
tf1info.fr,cantat-doc-tf1-db290a-0@1x.avif
tf1info.fr,cantine-scolaire-1950-0e1862-0@1x.avif
tf1info.fr,cantine-scolaire-1950-254a0c-0@1x.avif
tf1info.fr,cantine-scolaire-1950-4595ec-0@1x.avif
tf1info.fr,cantine-scolaire-1950-71ca18-0@1x.avif
tf1info.fr,cantine-scolaire-1950-820973-0@1x.avif
tf1info.fr,cantine-scolaire-1950-c8db17-0@1x.avif
tf1info.fr,cap-campiongg-5177d9-2@1x.avif
tf1info.fr,cap-campiongg-c92f5e-2@1x.avif
tf1info.fr,cap-campiongg-ed81a6-2@1x.avif
tf1info.fr,cap-jt-valentin-depret-bis-184c4a-0@1x.avif
tf1info.fr,cap-jt-valentin-depret-bis-3f3721-0@1x.avif
tf1info.fr,cap-jt-valentin-depret-bis-ffb085-0@1x.avif
tf1info.fr,cap-pri-1-1ccb84-2@1x.avif
tf1info.fr,cap-pri-1-6c89a3-2@1x.avif
tf1info.fr,cap-pri-1-da9c99-2@1x.avif
tf1info.fr,capture-dj-boulangerie-6f9d06-0@1x.avif
tf1info.fr,capture-dj-boulangerie-7b48db-0@1x.avif
tf1info.fr,capture-dj-boulangerie-e72880-0@1x.avif
tf1info.fr,ces-riches-proprietaires-qui-font-cloner-leur-animal-en-coree-du-sud-259b5b-0@1x.avif
tf1info.fr,ces-riches-proprietaires-qui-font-cloner-leur-animal-en-coree-du-sud-6b645d-0@1x.avif
tf1info.fr,ces-riches-proprietaires-qui-font-cloner-leur-animal-en-coree-du-sud-e7a54f-0@1x.avif
tf1info.fr,charge-mentale-1-2551f0-0@1x.avif
tf1info.fr,charge-mentale-1-576391-0@1x.avif
tf1info.fr,charge-mentale-1-f75e8a-0@1x.avif
tf1info.fr,charlotte-gagnante-the-voice-kids-2025-322e8d-0@1x.avif
tf1info.fr,charlotte-gagnante-the-voice-kids-2025-7d2641-0@1x.avif
tf1info.fr,charlotte-gagnante-the-voice-kids-2025-f131ba-0@1x.avif
tf1info.fr,chat-besoins-dehors-jardin-2416b5-0@1x.avif
tf1info.fr,chat-besoins-dehors-jardin-2dbba8-0@1x.avif
tf1info.fr,chat-besoins-dehors-jardin-40ee24-0@1x.avif
tf1info.fr,chat-besoins-dehors-jardin-8691b9-0@1x.avif
tf1info.fr,chat-besoins-dehors-jardin-e6d085-0@1x.avif
tf1info.fr,chat-besoins-dehors-jardin-fccbce-0@1x.avif
tf1info.fr,chauffage-illustration-2-37d229-0@1x.avif
tf1info.fr,chauffage-illustration-2-39cfcd-0@1x.avif
tf1info.fr,chauffage-illustration-2-89771a-0@1x.avif
tf1info.fr,chauffage-illustration-2-915a34-0@1x.avif
tf1info.fr,chauffage-illustration-2-9e72e1-0@1x.avif
tf1info.fr,chauffage-illustration-2-b87a82-0@1x.avif
tf1info.fr,cirque-de-cilaos-la-reunion-39ad77-0@1x.avif
tf1info.fr,cirque-de-cilaos-la-reunion-7238dc-0@1x.avif
tf1info.fr,cirque-de-cilaos-la-reunion-e186eb-0@1x.avif
tf1info.fr,cma-facecam-soukouna-silamaka-2026-2d7a2b-0@1x.avif
tf1info.fr,cma-facecam-soukouna-silamaka-2026-4113b1-0@1x.avif
tf1info.fr,cma-facecam-soukouna-silamaka-2026-530071-0@1x.avif
tf1info.fr,cma-facecam-soukouna-silamaka-2026-58b23e-0@1x.avif
tf1info.fr,cma-facecam-soukouna-silamaka-2026-7ee5a1-0@1x.avif
tf1info.fr,cma-facecam-soukouna-silamaka-2026-d26734-0@1x.avif
tf1info.fr,colis-livraison-retard-bf51e0-0@1x.avif
tf1info.fr,colis-livraison-retard-e4f767-0@1x.avif
tf1info.fr,colis-livraison-retard-eb40cc-0@1x.avif
tf1info.fr,comment-installer-un-controle-parental-34cc53-0@1x.avif
tf1info.fr,comment-installer-un-controle-parental-8302e6-0@1x.avif
tf1info.fr,comment-installer-un-controle-parental-c65e19-0@1x.avif
tf1info.fr,coraux-3-48b65d-0@1x.avif
tf1info.fr,coraux-3-4b4f7c-0@1x.avif
tf1info.fr,coraux-3-f8024e-0@1x.avif
tf1info.fr,costa-brava-colera-2567e3-0@1x.avif
tf1info.fr,costa-brava-colera-ac5475-0@1x.avif
tf1info.fr,costa-brava-colera-bb8450-0@1x.avif
tf1info.fr,couple-argent-finances-0b232f-0@1x.avif
tf1info.fr,couple-argent-finances-5eaebf-0@1x.avif
tf1info.fr,couple-argent-finances-e32040-0@1x.avif
tf1info.fr,couv-trump-disqual-nobel-380bdb-0@1x.avif
tf1info.fr,couv-trump-disqual-nobel-40661c-0@1x.avif
tf1info.fr,couv-trump-disqual-nobel-8d28ac-0@1x.avif
tf1info.fr,couv-verif-4-3a7a5d-0@1x.avif
tf1info.fr,couv-verif-4-a57861-0@1x.avif
tf1info.fr,couv-verif-4-e7d4d4-0@1x.avif
tf1info.fr,couv-verif-5-0acba4-0@1x.avif
tf1info.fr,couv-verif-5-3081f8-0@1x.avif
tf1info.fr,couv-verif-5-8269f9-0@1x.avif
tf1info.fr,couv-verif-6-940c3d-0@1x.avif
tf1info.fr,couv-verif-6-a7bbc4-0@1x.avif
tf1info.fr,couv-verif-6-a8ca58-0@1x.avif
tf1info.fr,crise-quarantaine-femme-2712a9-0@1x.avif
tf1info.fr,crise-quarantaine-femme-2e63c0-0@1x.avif
tf1info.fr,crise-quarantaine-femme-a987ec-0@1x.avif
tf1info.fr,dans-quels-cas-dormir-a-la-verticale-est-conseille-7b60c8-0@1x.avif
tf1info.fr,dans-quels-cas-dormir-a-la-verticale-est-conseille-9eb756-0@1x.avif
tf1info.fr,dans-quels-cas-dormir-a-la-verticale-est-conseille-c2397b-0@1x.avif
tf1info.fr,de0bf04a3ef041899975764d6c2592ef@o281138.ingest.sentry.io
tf1info.fr,decouvrez-la-randonnee-la-plus-dangereuse-du-monde-en-chine-1ad004-0@1x.avif
tf1info.fr,decouvrez-la-randonnee-la-plus-dangereuse-du-monde-en-chine-36c6f2-0@1x.avif
tf1info.fr,decouvrez-la-randonnee-la-plus-dangereuse-du-monde-en-chine-7a3ed3-0@1x.avif
tf1info.fr,decouvrez-la-randonnee-la-plus-dangereuse-du-monde-en-chine-824878-0@1x.avif
tf1info.fr,decouvrez-la-randonnee-la-plus-dangereuse-du-monde-en-chine-9483fa-0@1x.avif
tf1info.fr,decouvrez-la-randonnee-la-plus-dangereuse-du-monde-en-chine-b4a4a7-0@1x.avif
tf1info.fr,demenagement-arnaque-11f816-0@1x.avif
tf1info.fr,demenagement-arnaque-8585ea-0@1x.avif
tf1info.fr,demenagement-arnaque-ae92c3-0@1x.avif
tf1info.fr,distributeur-de-patee-connecte-oct-2025-522df6-2@1x.avif
tf1info.fr,distributeur-de-patee-connecte-oct-2025-62eed6-2@1x.avif
tf1info.fr,distributeur-de-patee-connecte-oct-2025-97114c-2@1x.avif
tf1info.fr,donald-trump-piece-monnaie-etats-unis-03-10-2025-c79143-0@1x.avif
tf1info.fr,donald-trump-piece-monnaie-etats-unis-03-10-2025-df18f9-0@1x.avif
tf1info.fr,donald-trump-piece-monnaie-etats-unis-03-10-2025-e85eb7-0@1x.avif
tf1info.fr,dopamine-detox-223577-0@1x.avif
tf1info.fr,dopamine-detox-66ad1e-0@1x.avif
tf1info.fr,dopamine-detox-87996b-0@1x.avif
tf1info.fr,drone-civil-1667ae-0@1x.avif
tf1info.fr,drone-civil-ac3d9d-0@1x.avif
tf1info.fr,drone-civil-d90352-0@1x.avif
tf1info.fr,eaux-usees-2131-4865fc-0@1x.avif
tf1info.fr,eaux-usees-2131-4eb86c-0@1x.avif
tf1info.fr,eaux-usees-2131-5cc811-0@1x.avif
tf1info.fr,eaux-usees-2131-7dbc3f-0@1x.avif
tf1info.fr,eaux-usees-2131-9da598-0@1x.avif
tf1info.fr,eaux-usees-2131-f504fe-0@1x.avif
tf1info.fr,ecart-salaire-homme-femme-298e64-0@1x.avif
tf1info.fr,ecart-salaire-homme-femme-689f56-0@1x.avif
tf1info.fr,ecart-salaire-homme-femme-a19cb7-0@1x.avif
tf1info.fr,eclipse-solaire-partielle-9aa24a-0@1x.avif
tf1info.fr,eclipse-solaire-partielle-d3eaca-0@1x.avif
tf1info.fr,eclipse-solaire-partielle-d58152-0@1x.avif
tf1info.fr,eg-4450-8bdccf-0@1x.avif
tf1info.fr,eg-4450-f5f735-0@1x.avif
tf1info.fr,eg-4450-f60439-0@1x.avif
tf1info.fr,electricite-gaz-fioul-comment-se-chauffer-au-meilleur-prix-le-13h-a-vos-cotes-66c6ab-0@1x.avif
tf1info.fr,electricite-gaz-fioul-comment-se-chauffer-au-meilleur-prix-le-13h-a-vos-cotes-9bb135-0@1x.avif
tf1info.fr,electricite-gaz-fioul-comment-se-chauffer-au-meilleur-prix-le-13h-a-vos-cotes-dc13bc-0@1x.avif
tf1info.fr,en-toute-franchise-du-dimanche-5-octobre-2025-57ccae-0@1x.avif
tf1info.fr,en-toute-franchise-du-dimanche-5-octobre-2025-8f06f4-0@1x.avif
tf1info.fr,en-toute-franchise-du-dimanche-5-octobre-2025-96b8df-0@1x.avif
tf1info.fr,en-toute-liberte-program-card-portrait-798e59-0@1x.avif
tf1info.fr,en-toute-liberte-program-card-portrait-ab0d36-0@1x.avif
tf1info.fr,en-toute-liberte-program-card-portrait-ffb570-0@1x.avif
tf1info.fr,entretien-embauche-femme-18c373-0@1x.avif
tf1info.fr,entretien-embauche-femme-4f70c6-0@1x.avif
tf1info.fr,entretien-embauche-femme-9467fc-0@1x.avif
tf1info.fr,eqryhqe-y-2b90e4-0@1x.avif
tf1info.fr,eqryhqe-y-b11a6d-0@1x.avif
tf1info.fr,eqryhqe-y-e8a097-0@1x.avif
tf1info.fr,evasion-de-mohamed-amra-comment-le-tireur-presume-s-est-trahi-a-cause-d-une-photo-sur-un-site-de-rencontre-03d8a8-0@1x.avif
tf1info.fr,evasion-de-mohamed-amra-comment-le-tireur-presume-s-est-trahi-a-cause-d-une-photo-sur-un-site-de-rencontre-099273-0@1x.avif
tf1info.fr,evasion-de-mohamed-amra-comment-le-tireur-presume-s-est-trahi-a-cause-d-une-photo-sur-un-site-de-rencontre-8a9e50-0@1x.avif
tf1info.fr,exclu-naavire-fantome-russe-tf1-lci-2-aa65d8-0@1x.avif
tf1info.fr,exclu-naavire-fantome-russe-tf1-lci-2-b4d063-0@1x.avif
tf1info.fr,exclu-naavire-fantome-russe-tf1-lci-2-f18e75-0@1x.avif
tf1info.fr,fd-2021-3ad587-1@1x.avif
tf1info.fr,fd-2021-45ff9a-1@1x.avif
tf1info.fr,fd-2021-47e25b-1@1x.avif
tf1info.fr,felix-lebrun-tennis-de-table-jo-2024-2025-0cbd62-0@1x.avif
tf1info.fr,felix-lebrun-tennis-de-table-jo-2024-2025-0f339c-0@1x.avif
tf1info.fr,felix-lebrun-tennis-de-table-jo-2024-2025-32b121-0@1x.avif
tf1info.fr,femme-bureau-1-036ec9-0@1x.avif
tf1info.fr,femme-bureau-1-258a2f-0@1x.avif
tf1info.fr,femme-bureau-1-798eec-0@1x.avif
tf1info.fr,femme-bureau-1-ad329d-0@1x.avif
tf1info.fr,femme-bureau-1-eb32e0-0@1x.avif
tf1info.fr,femme-bureau-1-f46dc1-0@1x.avif
tf1info.fr,fleuriste-boutique-bouquet-09bc3d-0@1x.avif
tf1info.fr,fleuriste-boutique-bouquet-1fdf0e-0@1x.avif
tf1info.fr,fleuriste-boutique-bouquet-4c9e45-0@1x.avif
tf1info.fr,fleuriste-boutique-bouquet-5e6584-0@1x.avif
tf1info.fr,fleuriste-boutique-bouquet-61f7a5-0@1x.avif
tf1info.fr,fleuriste-boutique-bouquet-e62a8d-0@1x.avif
tf1info.fr,frappes-kiev-ukraine-28-septembre-2025-71e6ca-0@1x.avif
tf1info.fr,frappes-kiev-ukraine-28-septembre-2025-b7e521-0@1x.avif
tf1info.fr,frappes-kiev-ukraine-28-septembre-2025-f51064-0@1x.avif
tf1info.fr,gainage-846-33cad6-0@1x.avif
tf1info.fr,gainage-846-5976cf-0@1x.avif
tf1info.fr,gainage-846-5c923c-0@1x.avif
tf1info.fr,gainage-846-7b7e2f-0@1x.avif
tf1info.fr,gainage-846-80055e-0@1x.avif
tf1info.fr,gainage-846-ea5940-0@1x.avif
tf1info.fr,gaza-plan-de-paix-trump-05-10-2025-1cf7b6-0@1x.avif
tf1info.fr,gaza-plan-de-paix-trump-05-10-2025-3ab575-0@1x.avif
tf1info.fr,gaza-plan-de-paix-trump-05-10-2025-6c23b6-0@1x.avif
tf1info.fr,gaza-plan-de-paix-trump-05-10-2025-76bfd5-0@1x.avif
tf1info.fr,gaza-plan-de-paix-trump-05-10-2025-aa8e80-0@1x.avif
tf1info.fr,gaza-plan-de-paix-trump-05-10-2025-ff61d5-0@1x.avif
tf1info.fr,georgie-manifestation-pro-europeenne-04-10-2025-146147-0@1x.avif
tf1info.fr,georgie-manifestation-pro-europeenne-04-10-2025-403831-0@1x.avif
tf1info.fr,georgie-manifestation-pro-europeenne-04-10-2025-c5fc4c-0@1x.avif
tf1info.fr,hydratation-et-stress-6d540e-0@1x.avif
tf1info.fr,hydratation-et-stress-71b78a-0@1x.avif
tf1info.fr,hydratation-et-stress-c42a69-0@1x.avif
tf1info.fr,illus-ocean-ciel-gris-07a035-1@1x.avif
tf1info.fr,illus-ocean-ciel-gris-8ac449-1@1x.avif
tf1info.fr,illus-ocean-ciel-gris-aa850e-1@1x.avif
tf1info.fr,illustration-mer-mediterranee-feat-rechauffement-climatique-03a265-0@1x.avif
tf1info.fr,illustration-mer-mediterranee-feat-rechauffement-climatique-74c886-0@1x.avif
tf1info.fr,illustration-mer-mediterranee-feat-rechauffement-climatique-c468e1-0@1x.avif
tf1info.fr,impact-positif-alexia-barrier-sept-2025-27a06e-0@1x.avif
tf1info.fr,impact-positif-alexia-barrier-sept-2025-2aed10-0@1x.avif
tf1info.fr,impact-positif-alexia-barrier-sept-2025-555a81-0@1x.avif
tf1info.fr,impact-positif-canicule-feux-vers-des-etes-toujours-plus-chauds-7c8da6-0@1x.avif
tf1info.fr,impact-positif-canicule-feux-vers-des-etes-toujours-plus-chauds-b67719-0@1x.avif
tf1info.fr,impact-positif-canicule-feux-vers-des-etes-toujours-plus-chauds-e36ef7-0@1x.avif
tf1info.fr,impact-positif-du-12-09-des-solutions-locales-a-deployer-partout-7d7673-0@1x.avif
tf1info.fr,impact-positif-du-12-09-des-solutions-locales-a-deployer-partout-9a3c1e-0@1x.avif
tf1info.fr,impact-positif-du-12-09-des-solutions-locales-a-deployer-partout-b5a580-0@1x.avif
tf1info.fr,impact-positif-du-20-septembre-jean-pierre-goux-9520e0-0@1x.avif
tf1info.fr,impact-positif-du-20-septembre-jean-pierre-goux-b0c1cc-0@1x.avif
tf1info.fr,impact-positif-du-20-septembre-jean-pierre-goux-fab809-0@1x.avif
tf1info.fr,impact-positif-du-27-09-alexia-barrier-ecrire-l-histoire-de-la-voile-au-feminin-140c5d-0@1x.avif
tf1info.fr,impact-positif-du-27-09-alexia-barrier-ecrire-l-histoire-de-la-voile-au-feminin-d26b32-0@1x.avif
tf1info.fr,impact-positif-du-27-09-alexia-barrier-ecrire-l-histoire-de-la-voile-au-feminin-f4567b-0@1x.avif
tf1info.fr,impact-positif-du-inserer-date-invite-sujet-677178-0@1x.avif
tf1info.fr,impact-positif-du-inserer-date-invite-sujet-9f558c-0@1x.avif
tf1info.fr,impact-positif-du-inserer-date-invite-sujet-d996dc-0@1x.avif
tf1info.fr,impact-positif-jean-pierre-goux-43aaa2-0@1x.avif
tf1info.fr,impact-positif-jean-pierre-goux-510c28-0@1x.avif
tf1info.fr,impact-positif-jean-pierre-goux-8765f5-0@1x.avif
tf1info.fr,impact-positif-nicolas-plain-048b34-0@1x.avif
tf1info.fr,impact-positif-nicolas-plain-106119-0@1x.avif
tf1info.fr,impact-positif-nicolas-plain-56f5f3-0@1x.avif
tf1info.fr,impact-positif-sailcoop-vers-des-transports-decarbones-602e62-0@1x.avif
tf1info.fr,impact-positif-sailcoop-vers-des-transports-decarbones-7f18a1-0@1x.avif
tf1info.fr,impact-positif-sailcoop-vers-des-transports-decarbones-dabbce-0@1x.avif
tf1info.fr,industrie-voitures-electriques-hauts-de-france-20h-9f5dc9-0@1x.avif
tf1info.fr,industrie-voitures-electriques-hauts-de-france-20h-ca0e23-0@1x.avif
tf1info.fr,industrie-voitures-electriques-hauts-de-france-20h-dd68c8-0@1x.avif
tf1info.fr,insolite-loterie-465f79-0@1x.avif
tf1info.fr,insolite-loterie-5b93ff-0@1x.avif
tf1info.fr,insolite-loterie-e088a8-0@1x.avif
tf1info.fr,je-n-ai-meme-pas-reflechi-un-restaurant-sauve-par-ses-fideles-clients-1-53eff1-0@1x.avif
tf1info.fr,je-n-ai-meme-pas-reflechi-un-restaurant-sauve-par-ses-fideles-clients-1-58e911-0@1x.avif
tf1info.fr,je-n-ai-meme-pas-reflechi-un-restaurant-sauve-par-ses-fideles-clients-1-f51451-0@1x.avif
tf1info.fr,je-ne-lui-vois-pas-d-ennemi-une-chatelaine-de-84-ans-retrouvee-morte-en-gironde-la-piste-criminelle-privilegiee-4f56fa-0@1x.avif
tf1info.fr,je-ne-lui-vois-pas-d-ennemi-une-chatelaine-de-84-ans-retrouvee-morte-en-gironde-la-piste-criminelle-privilegiee-998cd4-0@1x.avif
tf1info.fr,je-ne-lui-vois-pas-d-ennemi-une-chatelaine-de-84-ans-retrouvee-morte-en-gironde-la-piste-criminelle-privilegiee-dfbaae-0@1x.avif
tf1info.fr,jeux-videos-3-97b0a0-0@1x.avif
tf1info.fr,jeux-videos-3-e4c1e9-0@1x.avif
tf1info.fr,jeux-videos-3-f6275d-0@1x.avif
tf1info.fr,journee-mondiale-du-sourire-951-238406-0@1x.avif
tf1info.fr,journee-mondiale-du-sourire-951-497ff1-0@1x.avif
tf1info.fr,journee-mondiale-du-sourire-951-69f0ce-0@1x.avif
tf1info.fr,jt-personnalise-couleur-654fda-1@1x.avif
tf1info.fr,jt-personnalise-couleur-bf6883-1@1x.avif
tf1info.fr,jt-personnalise-couleur-c9bd2e-1@1x.avif
tf1info.fr,l-atelier-k-miniature-3b3c1c-1@1x.avif
tf1info.fr,l-atelier-k-miniature-4d35ba-1@1x.avif
tf1info.fr,l-atelier-k-miniature-f5e293-1@1x.avif
tf1info.fr,l-incontournable-du-bourg-0284ac-0@1x.avif
tf1info.fr,l-incontournable-du-bourg-27508e-0@1x.avif
tf1info.fr,l-incontournable-du-bourg-7bdfd8-0@1x.avif
tf1info.fr,la-fabrique-de-confitures-1-2175a4-0@1x.avif
tf1info.fr,la-fabrique-de-confitures-1-339134-0@1x.avif
tf1info.fr,la-fabrique-de-confitures-1-7a92e0-0@1x.avif
tf1info.fr,la-militante-greta-thunberg-a-barcelone-sur-le-point-de-partir-vers-gaza-1c8a77-0@1x.avif
tf1info.fr,la-militante-greta-thunberg-a-barcelone-sur-le-point-de-partir-vers-gaza-3a42a8-0@1x.avif
tf1info.fr,la-militante-greta-thunberg-a-barcelone-sur-le-point-de-partir-vers-gaza-77d5d4-0@1x.avif
tf1info.fr,la-militante-greta-thunberg-a-barcelone-sur-le-point-de-partir-vers-gaza-9cf7ab-0@1x.avif
tf1info.fr,la-militante-greta-thunberg-a-barcelone-sur-le-point-de-partir-vers-gaza-c2f7e5-0@1x.avif
tf1info.fr,la-militante-greta-thunberg-a-barcelone-sur-le-point-de-partir-vers-gaza-f4baf5-0@1x.avif
tf1info.fr,la-photo-de-classe-un-rituel-qui-est-aussi-un-business-oct-2025-2b92c9-0@1x.avif
tf1info.fr,la-photo-de-classe-un-rituel-qui-est-aussi-un-business-oct-2025-a0b575-0@1x.avif
tf1info.fr,la-photo-de-classe-un-rituel-qui-est-aussi-un-business-oct-2025-d606c1-0@1x.avif
tf1info.fr,la-russie-face-a-l-europe-notre-unite-est-entre-plus-grande-force-mais-aussi-notre-plus-grande-faiblesse-assure-l-essayiste-adina-revol-1-14183f-0@1x.avif
tf1info.fr,la-russie-face-a-l-europe-notre-unite-est-entre-plus-grande-force-mais-aussi-notre-plus-grande-faiblesse-assure-l-essayiste-adina-revol-1-571b0b-0@1x.avif
tf1info.fr,la-russie-face-a-l-europe-notre-unite-est-entre-plus-grande-force-mais-aussi-notre-plus-grande-faiblesse-assure-l-essayiste-adina-revol-1-fdd33b-0@1x.avif
tf1info.fr,la-salade-haricots-verts-06b208-0@1x.avif
tf1info.fr,la-salade-haricots-verts-085c1b-0@1x.avif
tf1info.fr,la-salade-haricots-verts-1d37e6-0@1x.avif
tf1info.fr,la-salade-haricots-verts-4cafda-0@1x.avif
tf1info.fr,la-salade-haricots-verts-62b989-0@1x.avif
tf1info.fr,la-salade-haricots-verts-acec84-0@1x.avif
tf1info.fr,lci-midi-du-samedi-4-octobre-2025-086156-0@1x.avif
tf1info.fr,lci-midi-du-samedi-4-octobre-2025-47c4e0-0@1x.avif
tf1info.fr,lci-midi-du-samedi-4-octobre-2025-b41a02-0@1x.avif
tf1info.fr,le-peripherique-parisien-limite-a-50-des-le-1er-octobre-bae6e0-1@1x.avif
tf1info.fr,le-peripherique-parisien-limite-a-50-des-le-1er-octobre-f60bce-1@1x.avif
tf1info.fr,le-peripherique-parisien-limite-a-50-des-le-1er-octobre-fa7cdc-1@1x.avif
tf1info.fr,lecornu-afp-546-03d437-0@1x.avif
tf1info.fr,lecornu-afp-546-18e87e-0@1x.avif
tf1info.fr,lecornu-afp-546-54ecb7-0@1x.avif
tf1info.fr,lecornu-afp-546-5e0e3a-0@1x.avif
tf1info.fr,lecornu-afp-546-a4cb57-0@1x.avif
tf1info.fr,lecornu-afp-546-e7f71e-0@1x.avif
tf1info.fr,les-images-spectaculaires-du-nouveau-pont-le-plus-haut-du-monde-en-chine-32581f-0@1x.avif
tf1info.fr,les-images-spectaculaires-du-nouveau-pont-le-plus-haut-du-monde-en-chine-6b1d47-0@1x.avif
tf1info.fr,les-images-spectaculaires-du-nouveau-pont-le-plus-haut-du-monde-en-chine-b2fb02-0@1x.avif
tf1info.fr,lgbt-flag-95bcba-0@1x.avif
tf1info.fr,lgbt-flag-b7991f-0@1x.avif
tf1info.fr,lgbt-flag-f3e11e-0@1x.avif
tf1info.fr,lionne-australie-56dd11-2@1x.avif
tf1info.fr,lionne-australie-b543a9-2@1x.avif
tf1info.fr,lionne-australie-bb36f7-2@1x.avif
tf1info.fr,ma-vie-sur-une-ile-confetti-1-7388a0-0@1x.avif
tf1info.fr,ma-vie-sur-une-ile-confetti-1-7c8903-0@1x.avif
tf1info.fr,ma-vie-sur-une-ile-confetti-1-accdb3-0@1x.avif
tf1info.fr,manifestation-des-familles-d-otages-a-tel-aviv-0a10f2-1@1x.avif
tf1info.fr,manifestation-des-familles-d-otages-a-tel-aviv-306004-1@1x.avif
tf1info.fr,manifestation-des-familles-d-otages-a-tel-aviv-4fa60d-1@1x.avif
tf1info.fr,manifestation-des-familles-d-otages-a-tel-aviv-73b20e-1@1x.avif
tf1info.fr,manifestation-des-familles-d-otages-a-tel-aviv-8c4418-1@1x.avif
tf1info.fr,manifestation-des-familles-d-otages-a-tel-aviv-f4fbb1-1@1x.avif
tf1info.fr,marco-rubio-djedda-afp-26b93d-0@1x.avif
tf1info.fr,marco-rubio-djedda-afp-2805e4-0@1x.avif
tf1info.fr,marco-rubio-djedda-afp-31dde0-0@1x.avif
tf1info.fr,marco-rubio-djedda-afp-3e27c5-0@1x.avif
tf1info.fr,marco-rubio-djedda-afp-4ff4cf-0@1x.avif
tf1info.fr,marco-rubio-djedda-afp-5af068-0@1x.avif
tf1info.fr,marco-rubio-djedda-afp-68e30d-0@1x.avif
tf1info.fr,marco-rubio-djedda-afp-76697f-0@1x.avif
tf1info.fr,marco-rubio-djedda-afp-f31daa-0@1x.avif
tf1info.fr,marine-tondelier-7-juillet-2024-b59193-0@1x.avif
tf1info.fr,marine-tondelier-7-juillet-2024-baea71-0@1x.avif
tf1info.fr,marine-tondelier-7-juillet-2024-bfa9f6-0@1x.avif
tf1info.fr,matin-tonic-faire-du-sport-avec-un-balai-53345e-0@1x.avif
tf1info.fr,matin-tonic-faire-du-sport-avec-un-balai-9634dc-0@1x.avif
tf1info.fr,matin-tonic-faire-du-sport-avec-un-balai-ebf9f2-0@1x.avif
tf1info.fr,mecanicien-un-metier-en-or-en-panne-de-candidats-1ff337-0@1x.avif
tf1info.fr,mecanicien-un-metier-en-or-en-panne-de-candidats-755c3a-0@1x.avif
tf1info.fr,mecanicien-un-metier-en-or-en-panne-de-candidats-b683b8-0@1x.avif
tf1info.fr,menace-russe-81748f-0@1x.avif
tf1info.fr,menace-russe-9557ba-0@1x.avif
tf1info.fr,menace-russe-c05859-0@1x.avif
tf1info.fr,mon-artisan-ne-repond-plus-quels-recours-le-13h-a-vos-cotes-7d1b68-0@1x.avif
tf1info.fr,mon-artisan-ne-repond-plus-quels-recours-le-13h-a-vos-cotes-b49664-0@1x.avif
tf1info.fr,mon-artisan-ne-repond-plus-quels-recours-le-13h-a-vos-cotes-bd4cfc-0@1x.avif
tf1info.fr,motivation-travail-2bbf6d-0@1x.avif
tf1info.fr,motivation-travail-567218-0@1x.avif
tf1info.fr,motivation-travail-8bed5f-0@1x.avif
tf1info.fr,motivation-travail-96df99-0@1x.avif
tf1info.fr,motivation-travail-f2db45-0@1x.avif
tf1info.fr,motivation-travail-f850f1-0@1x.avif
tf1info.fr,mug-magnet-peluche-nos-regions-ont-du-talent-56d709-0@1x.avif
tf1info.fr,mug-magnet-peluche-nos-regions-ont-du-talent-60cdb4-0@1x.avif
tf1info.fr,mug-magnet-peluche-nos-regions-ont-du-talent-aff29e-0@1x.avif
tf1info.fr,ne-pas-utiliser-sponso-scpi-argent-rendement-epargne-2bbeb1-0@1x.avif
tf1info.fr,ne-pas-utiliser-sponso-scpi-argent-rendement-epargne-d24459-0@1x.avif
tf1info.fr,ne-pas-utiliser-sponso-scpi-argent-rendement-epargne-e80c5f-0@1x.avif
tf1info.fr,objet-perdu-a-l-aeroport-peut-on-acceder-a-la-videosurveillance-le-13h-a-vos-cotes-1-0e4fe5-0@1x.avif
tf1info.fr,objet-perdu-a-l-aeroport-peut-on-acceder-a-la-videosurveillance-le-13h-a-vos-cotes-1-9ae365-0@1x.avif
tf1info.fr,objet-perdu-a-l-aeroport-peut-on-acceder-a-la-videosurveillance-le-13h-a-vos-cotes-1-fd403d-0@1x.avif
tf1info.fr,obseques-prestation-005e94-0@1x.avif
tf1info.fr,obseques-prestation-81c69b-0@1x.avif
tf1info.fr,obseques-prestation-83fabd-0@1x.avif
tf1info.fr,oeil-planete-climat-03799d-1@1x.avif
tf1info.fr,oeil-planete-climat-1cc8e3-1@1x.avif
tf1info.fr,oeil-planete-climat-31e759-1@1x.avif
tf1info.fr,olivier-faure-22-septembre-2025-b51346-0@1x.avif
tf1info.fr,olivier-faure-22-septembre-2025-ed2b2e-0@1x.avif
tf1info.fr,olivier-faure-22-septembre-2025-fad5e8-0@1x.avif
tf1info.fr,palais-de-justice-de-nimes-587fea-1@1x.avif
tf1info.fr,palais-de-justice-de-nimes-a4ac40-1@1x.avif
tf1info.fr,palais-de-justice-de-nimes-bff8b5-1@1x.avif
tf1info.fr,paris-manifestation-pro-gaza-4-octobre-2025-2cce46-1@1x.avif
tf1info.fr,paris-manifestation-pro-gaza-4-octobre-2025-565c1d-1@1x.avif
tf1info.fr,paris-manifestation-pro-gaza-4-octobre-2025-f4dac4-1@1x.avif
tf1info.fr,patate-douce-3-4b4373-0@1x.avif
tf1info.fr,patate-douce-3-ab67b8-0@1x.avif
tf1info.fr,patate-douce-3-e90846-0@1x.avif
tf1info.fr,pfas-des-villages-des-ardennes-prives-d-eau-potable-1-877671-0@1x.avif
tf1info.fr,pfas-des-villages-des-ardennes-prives-d-eau-potable-1-ca0e90-0@1x.avif
tf1info.fr,pfas-des-villages-des-ardennes-prives-d-eau-potable-1-e28ddd-0@1x.avif
tf1info.fr,phobie-administrative-2341-01fd79-0@1x.avif
tf1info.fr,phobie-administrative-2341-1b1554-0@1x.avif
tf1info.fr,phobie-administrative-2341-5673c9-0@1x.avif
tf1info.fr,phobie-administrative-2341-671038-0@1x.avif
tf1info.fr,phobie-administrative-2341-9ac922-0@1x.avif
tf1info.fr,phobie-administrative-2341-fd2775-0@1x.avif
tf1info.fr,planter-rosiers-0268f8-0@1x.avif
tf1info.fr,planter-rosiers-5db079-0@1x.avif
tf1info.fr,planter-rosiers-6cc6e9-0@1x.avif
tf1info.fr,planter-rosiers-88349e-0@1x.avif
tf1info.fr,planter-rosiers-a1d3f5-0@1x.avif
tf1info.fr,planter-rosiers-c98856-0@1x.avif
tf1info.fr,pologne-une-visite-qui-ne-manque-pas-de-sel-3d0b67-0@1x.avif
tf1info.fr,pologne-une-visite-qui-ne-manque-pas-de-sel-9b7126-0@1x.avif
tf1info.fr,pologne-une-visite-qui-ne-manque-pas-de-sel-e597a5-0@1x.avif
tf1info.fr,pour-quelques-euros-ces-jeunes-israeliens-observent-les-frappes-sur-gaza-05ac20-0@1x.avif
tf1info.fr,pour-quelques-euros-ces-jeunes-israeliens-observent-les-frappes-sur-gaza-48efbe-0@1x.avif
tf1info.fr,pour-quelques-euros-ces-jeunes-israeliens-observent-les-frappes-sur-gaza-bf0b4e-0@1x.avif
tf1info.fr,pourquoi-il-est-important-de-respecter-les-echeances-de-revision-vidange-2164ff-0@1x.avif
tf1info.fr,pourquoi-il-est-important-de-respecter-les-echeances-de-revision-vidange-38d66d-0@1x.avif
tf1info.fr,pourquoi-il-est-important-de-respecter-les-echeances-de-revision-vidange-3c628a-0@1x.avif
tf1info.fr,pourquoi-il-est-important-de-respecter-les-echeances-de-revision-vidange-7353e7-0@1x.avif
tf1info.fr,pourquoi-il-est-important-de-respecter-les-echeances-de-revision-vidange-8594b7-0@1x.avif
tf1info.fr,pourquoi-il-est-important-de-respecter-les-echeances-de-revision-vidange-d87771-0@1x.avif
tf1info.fr,pourquoi-opter-pour-une-chaine-de-pluie-japonaise-pour-evacuer-l-eau-1c273c-0@1x.avif
tf1info.fr,pourquoi-opter-pour-une-chaine-de-pluie-japonaise-pour-evacuer-l-eau-a1ce01-0@1x.avif
tf1info.fr,pourquoi-opter-pour-une-chaine-de-pluie-japonaise-pour-evacuer-l-eau-b56afc-0@1x.avif
tf1info.fr,poutine-doc-tf1-14b4d2-0@1x.avif
tf1info.fr,poutine-doc-tf1-64f059-0@1x.avif
tf1info.fr,poutine-doc-tf1-e09a54-0@1x.avif
tf1info.fr,proces-jubillar-j-ai-la-profonde-certitude-que-cedric-a-assassine-delphine-de-ses-mains-1b3d67-0@1x.avif
tf1info.fr,proces-jubillar-j-ai-la-profonde-certitude-que-cedric-a-assassine-delphine-de-ses-mains-7dfece-0@1x.avif
tf1info.fr,proces-jubillar-j-ai-la-profonde-certitude-que-cedric-a-assassine-delphine-de-ses-mains-92002a-0@1x.avif
tf1info.fr,program-card-portrait-1-fx-enquetes-afa05f-30104e-0-1x-0da830-0@1x.avif
tf1info.fr,program-card-portrait-1-fx-enquetes-afa05f-30104e-0-1x-72b190-0@1x.avif
tf1info.fr,program-card-portrait-1-fx-enquetes-afa05f-30104e-0-1x-74062d-0@1x.avif
tf1info.fr,program-card-portrait-2-215d9f-7021ab-0-1x-29b49f-0@1x.avif
tf1info.fr,program-card-portrait-2-215d9f-7021ab-0-1x-6ad1c6-0@1x.avif
tf1info.fr,program-card-portrait-2-215d9f-7021ab-0-1x-71226a-0@1x.avif
tf1info.fr,program-card-portrait-2-guerilla-urbaine-136d9d-bf06bf-0-1x-77a0a4-0@1x.avif
tf1info.fr,program-card-portrait-2-guerilla-urbaine-136d9d-bf06bf-0-1x-fcb253-0@1x.avif
tf1info.fr,program-card-portrait-2-guerilla-urbaine-136d9d-bf06bf-0-1x-ff21b5-0@1x.avif
tf1info.fr,program-tf-6a6178-0@1x.avif
tf1info.fr,program-tf-c29654-0@1x.avif
tf1info.fr,program-tf-f1d724-0@1x.avif
tf1info.fr,publimag-agence-smart-industry-1f43ce-0@1x.avif
tf1info.fr,publimag-agence-smart-industry-5378f2-0@1x.avif
tf1info.fr,publimag-agence-smart-industry-c345fd-0@1x.avif
tf1info.fr,qerg-6-530564-0@1x.avif
tf1info.fr,qerg-6-77b703-0@1x.avif
tf1info.fr,qerg-6-7d6fdb-0@1x.avif
tf1info.fr,qerg-6-a2aa9b-0@1x.avif
tf1info.fr,qerg-6-c527a7-0@1x.avif
tf1info.fr,qerg-6-f456cd-0@1x.avif
tf1info.fr,quand-trump-relaie-une-video-sur-les-medbeds-0c367e-0@1x.avif
tf1info.fr,quand-trump-relaie-une-video-sur-les-medbeds-504fde-0@1x.avif
tf1info.fr,quand-trump-relaie-une-video-sur-les-medbeds-7b80f8-0@1x.avif
tf1info.fr,quand-trump-relaie-une-video-sur-les-medbeds-b6b038-0@1x.avif
tf1info.fr,quand-trump-relaie-une-video-sur-les-medbeds-e2a36e-0@1x.avif
tf1info.fr,quand-trump-relaie-une-video-sur-les-medbeds-f538cd-0@1x.avif
tf1info.fr,raie-mobula-en-mediterranee-5181b4-1@1x.avif
tf1info.fr,raie-mobula-en-mediterranee-817b91-1@1x.avif
tf1info.fr,raie-mobula-en-mediterranee-cc66d7-1@1x.avif
tf1info.fr,remineralisation-d-une-eau-osmosee-216833-1@1x.avif
tf1info.fr,remineralisation-d-une-eau-osmosee-6ed2ea-1@1x.avif
tf1info.fr,remineralisation-d-une-eau-osmosee-8091cd-1@1x.avif
tf1info.fr,retablissement-des-relations-entre-la-coree-du-nord-et-la-coree-du-sud-553ff9-2@1x.avif
tf1info.fr,retablissement-des-relations-entre-la-coree-du-nord-et-la-coree-du-sud-6112d2-2@1x.avif
tf1info.fr,retablissement-des-relations-entre-la-coree-du-nord-et-la-coree-du-sud-a2de80-2@1x.avif
tf1info.fr,sebastien-lecornu-3-octobre-2025-2aa208-0@1x.avif
tf1info.fr,sebastien-lecornu-3-octobre-2025-6cccc4-0@1x.avif
tf1info.fr,sebastien-lecornu-3-octobre-2025-8393e8-0@1x.avif
tf1info.fr,sebastien-lecornu-3-octobre-2025-89cc81-0@1x.avif
tf1info.fr,sebastien-lecornu-3-octobre-2025-a7f3ef-0@1x.avif
tf1info.fr,sebastien-lecornu-3-octobre-2025-d3c0c0-0@1x.avif
tf1info.fr,sebastien-lecornu-juillet-2025-6445bf-0@1x.avif
tf1info.fr,sebastien-lecornu-juillet-2025-844965-0@1x.avif
tf1info.fr,sebastien-lecornu-juillet-2025-8cd4c0-0@1x.avif
tf1info.fr,sebastien-lecornu-juillet-2025-ecef63-0@1x.avif
tf1info.fr,sebastien-lecornu-juillet-2025-fdb031-0@1x.avif
tf1info.fr,sebastien-lecornu-juillet-2025-ff8939-0@1x.avif
tf1info.fr,securite-renforcee-au-sommet-europeen-de-copenhague-au-danemark-128234-0@1x.avif
tf1info.fr,securite-renforcee-au-sommet-europeen-de-copenhague-au-danemark-c871b9-0@1x.avif
tf1info.fr,securite-renforcee-au-sommet-europeen-de-copenhague-au-danemark-f56aaf-0@1x.avif
tf1info.fr,sos-villages-ce-restaurant-fait-le-plein-tous-les-midis-2a070e-0@1x.avif
tf1info.fr,sos-villages-ce-restaurant-fait-le-plein-tous-les-midis-618074-0@1x.avif
tf1info.fr,sos-villages-ce-restaurant-fait-le-plein-tous-les-midis-c6a091-0@1x.avif
tf1info.fr,sos-villages-epicerie-camping-pari-reussi-1-42876d-0@1x.avif
tf1info.fr,sos-villages-epicerie-camping-pari-reussi-1-83f7f1-0@1x.avif
tf1info.fr,sos-villages-epicerie-camping-pari-reussi-1-e7703c-0@1x.avif
tf1info.fr,sos-villages-ferme-pedagogique-05e843-0@1x.avif
tf1info.fr,sos-villages-ferme-pedagogique-70a88a-0@1x.avif
tf1info.fr,sos-villages-ferme-pedagogique-a716d7-0@1x.avif
tf1info.fr,sos-villages-la-creperie-du-bout-du-monde-1-32085c-0@1x.avif
tf1info.fr,sos-villages-la-creperie-du-bout-du-monde-1-471ed6-0@1x.avif
tf1info.fr,sos-villages-la-creperie-du-bout-du-monde-1-6c89dc-0@1x.avif
tf1info.fr,sos-villages-la-derniere-station-de-la-vallee-veut-faire-le-plein-6b2c4f-0@1x.avif
tf1info.fr,sos-villages-la-derniere-station-de-la-vallee-veut-faire-le-plein-91dc1b-0@1x.avif
tf1info.fr,sos-villages-la-derniere-station-de-la-vallee-veut-faire-le-plein-a5aa57-0@1x.avif
tf1info.fr,sos-villages-une-bonne-affaire-dans-les-filets-1-4eae91-0@1x.avif
tf1info.fr,sos-villages-une-bonne-affaire-dans-les-filets-1-81f77e-0@1x.avif
tf1info.fr,sos-villages-une-bonne-affaire-dans-les-filets-1-872910-0@1x.avif
tf1info.fr,sportifs-et-finances-3344fa-0@1x.avif
tf1info.fr,sportifs-et-finances-66dcbc-0@1x.avif
tf1info.fr,sportifs-et-finances-6d4357-0@1x.avif
tf1info.fr,sportifs-et-finances-707087-0@1x.avif
tf1info.fr,sportifs-et-finances-95bac7-0@1x.avif
tf1info.fr,sportifs-et-finances-f2688a-0@1x.avif
tf1info.fr,stress-travail-1-97c930-0@1x.avif
tf1info.fr,stress-travail-1-d07458-0@1x.avif
tf1info.fr,stress-travail-1-f7453c-0@1x.avif
tf1info.fr,tardigrade-observe-au-microscope-5eb892-1@1x.avif
tf1info.fr,tardigrade-observe-au-microscope-8a7abd-1@1x.avif
tf1info.fr,tardigrade-observe-au-microscope-d91e46-1@1x.avif
tf1info.fr,teck-neck-37c61d-0@1x.avif
tf1info.fr,teck-neck-412a1c-0@1x.avif
tf1info.fr,teck-neck-a8866a-0@1x.avif
tf1info.fr,terre-jardin-1-2055fe-0@1x.avif
tf1info.fr,terre-jardin-1-2c3b4e-0@1x.avif
tf1info.fr,terre-jardin-1-af7bb3-0@1x.avif
tf1info.fr,tombeau-de-la-vallee-des-rois-07ae75-0@1x.avif
tf1info.fr,tombeau-de-la-vallee-des-rois-88b133-0@1x.avif
tf1info.fr,tombeau-de-la-vallee-des-rois-a027f5-0@1x.avif
tf1info.fr,tortue-de-terre-comment-preparer-son-hibernation-0158e9-0@1x.avif
tf1info.fr,tortue-de-terre-comment-preparer-son-hibernation-385f38-0@1x.avif
tf1info.fr,tortue-de-terre-comment-preparer-son-hibernation-ab5e47-0@1x.avif
tf1info.fr,travaux-renovation-jta-315b3f-0@1x.avif
tf1info.fr,travaux-renovation-jta-ba7ebc-0@1x.avif
tf1info.fr,travaux-renovation-jta-e7e872-0@1x.avif
tf1info.fr,trop-de-poids-lourds-dans-ma-rue-quelles-solutions-le-13h-a-vos-cotes-1-9eb565-0@1x.avif
tf1info.fr,trop-de-poids-lourds-dans-ma-rue-quelles-solutions-le-13h-a-vos-cotes-1-d6311b-0@1x.avif
tf1info.fr,trop-de-poids-lourds-dans-ma-rue-quelles-solutions-le-13h-a-vos-cotes-1-f1c47a-0@1x.avif
tf1info.fr,un-air-de-bout-du-monde-hors-du-temps-1-30d700-0@1x.avif
tf1info.fr,un-air-de-bout-du-monde-hors-du-temps-1-634b37-0@1x.avif
tf1info.fr,un-air-de-bout-du-monde-hors-du-temps-1-a42248-0@1x.avif
tf1info.fr,ventes-immo-villes-ou-gagner-ou-perdre-de-l-argent-24d991-0@1x.avif
tf1info.fr,ventes-immo-villes-ou-gagner-ou-perdre-de-l-argent-2dcd9b-0@1x.avif
tf1info.fr,ventes-immo-villes-ou-gagner-ou-perdre-de-l-argent-3ccdc4-0@1x.avif
tf1info.fr,ventes-immo-villes-ou-gagner-ou-perdre-de-l-argent-5158c2-0@1x.avif
tf1info.fr,ventes-immo-villes-ou-gagner-ou-perdre-de-l-argent-5fa1d2-0@1x.avif
tf1info.fr,ventes-immo-villes-ou-gagner-ou-perdre-de-l-argent-79119f-0@1x.avif
tf1info.fr,verif-bernard-arnault-4d3eb0-0@1x.avif
tf1info.fr,verif-bernard-arnault-67a0df-0@1x.avif
tf1info.fr,verif-bernard-arnault-efaa28-0@1x.avif
tf1info.fr,verif-bunker-illustration-1ebe8d-0@1x.avif
tf1info.fr,verif-bunker-illustration-907d66-0@1x.avif
tf1info.fr,verif-bunker-illustration-fffb4e-0@1x.avif
tf1info.fr,verif-gendarme-madagascar-33e66f-0@1x.avif
tf1info.fr,verif-gendarme-madagascar-909afb-0@1x.avif
tf1info.fr,verif-gendarme-madagascar-b7e207-0@1x.avif
tf1info.fr,verif-illustr-fracture-os-medecine-374160-0@1x.avif
tf1info.fr,verif-illustr-fracture-os-medecine-634b76-0@1x.avif
tf1info.fr,verif-illustr-fracture-os-medecine-97b131-0@1x.avif
tf1info.fr,verif-pieuvre-octobre-0a73d7-0@1x.avif
tf1info.fr,verif-pieuvre-octobre-1ec320-0@1x.avif
tf1info.fr,verif-pieuvre-octobre-2e0365-0@1x.avif
tf1info.fr,verre-d-eau-ou-carafe-quelles-sont-les-obligations-des-restaurateurs-01a2b1-0@1x.avif
tf1info.fr,verre-d-eau-ou-carafe-quelles-sont-les-obligations-des-restaurateurs-6c73f2-0@1x.avif
tf1info.fr,verre-d-eau-ou-carafe-quelles-sont-les-obligations-des-restaurateurs-eca1b1-0@1x.avif
tf1info.fr,vetements-en-lin-0c2517-0@1x.avif
tf1info.fr,vetements-en-lin-9c7169-0@1x.avif
tf1info.fr,vetements-en-lin-fdbc34-0@1x.avif
tf1info.fr,vignette-pelicot-11a9ce-0@1x.avif
tf1info.fr,vignette-pelicot-cbc192-0@1x.avif
tf1info.fr,vignette-pelicot-fcd2b1-0@1x.avif
tf1info.fr,vinification-mer-juin-2025-capture-2a1aa7-0@1x.avif
tf1info.fr,vinification-mer-juin-2025-capture-7cebfc-0@1x.avif
tf1info.fr,vinification-mer-juin-2025-capture-eab90e-0@1x.avif
tf1info.fr,violences-femmes-2022-78402a-0@1x.avif
tf1info.fr,violences-femmes-2022-7c9a1e-0@1x.avif
tf1info.fr,violences-femmes-2022-d22bb4-0@1x.avif
tf1info.fr,votre-argent-le-montant-du-panier-moyen-pour-halloween-406172-0@1x.avif
tf1info.fr,votre-argent-le-montant-du-panier-moyen-pour-halloween-72923f-0@1x.avif
tf1info.fr,votre-argent-le-montant-du-panier-moyen-pour-halloween-89fc06-0@1x.avif
tf1info.fr,vue-lac-bourget-0b8db2-0@1x.avif
tf1info.fr,vue-lac-bourget-54e050-0@1x.avif
tf1info.fr,vue-lac-bourget-f37342-0@1x.avif
tf1info.fr,vue-sur-la-ville-de-chamonix-091147-0@1x.avif
tf1info.fr,vue-sur-la-ville-de-chamonix-20608f-0@1x.avif
tf1info.fr,vue-sur-la-ville-de-chamonix-75ae03-0@1x.avif
tf1info.fr,week-end-a-azay-le-rideau-un-village-tres-apprecie-des-touristes-01c641-0@1x.avif
tf1info.fr,week-end-a-azay-le-rideau-un-village-tres-apprecie-des-touristes-9a3500-0@1x.avif
tf1info.fr,week-end-a-azay-le-rideau-un-village-tres-apprecie-des-touristes-a19e02-0@1x.avif
tf1info.fr,week-end-a-barcelone-une-visite-hors-des-sentiers-battus-1-4fe0b7-0@1x.avif
tf1info.fr,week-end-a-barcelone-une-visite-hors-des-sentiers-battus-1-67299e-0@1x.avif
tf1info.fr,week-end-a-barcelone-une-visite-hors-des-sentiers-battus-1-abf8d0-0@1x.avif
tf1info.fr,week-end-au-conquet-voyage-au-bout-du-monde-1-111834-0@1x.avif
tf1info.fr,week-end-au-conquet-voyage-au-bout-du-monde-1-3242d2-0@1x.avif
tf1info.fr,week-end-au-conquet-voyage-au-bout-du-monde-1-e6b519-0@1x.avif
tf1info.fr,zeta-2-0f4528-0@1x.avif
tf1info.fr,zeta-2-649fe9-0@1x.avif
tf1info.fr,zeta-2-86701f-0@1x.avif
theatredelaposte-foix.fr,NO EMAIL FOUND
tisseo.fr,NO EMAIL FOUND
toulouscope.fr,contact@toulouscope.fr
toulouserunexperience.fr,contact@reimschampagnerun.fr
toulouserunexperience.fr,contact@toulouserunexperience.fr
trail-de-montgailhard.sitew.fr,NO EMAIL FOUND
transfermarkt.fr,NO EMAIL FOUND
umap.openstreetmap.fr,contact@umap-project.org
un-sacre-defi.fr,NO EMAIL FOUND
uscb117.ffr.fr,NO EMAIL FOUND
veolia.fr,NO EMAIL FOUND
vie-publique.fr,NO EMAIL FOUND
vigieau.gouv.fr,contact.vigieau@beta.gouv.fr
